

<feed xmlns="http://www.w3.org/2005/Atom">
  <id>https://mrmartymac.github.io/</id>
  <title>Lifesavers</title>
  <subtitle></subtitle>
  <updated>2023-03-23T09:56:05-04:00</updated>
  <author>
    <name>Software Consulting Services, LLC</name>
    <uri>https://mrmartymac.github.io/</uri>
  </author>
  <link rel="self" type="application/atom+xml" href="https://mrmartymac.github.io/feed.xml"/>
  <link rel="alternate" type="text/html" hreflang="en"
    href="https://mrmartymac.github.io/"/>
  <generator uri="https://jekyllrb.com/" version="4.3.2">Jekyll</generator>
  <rights> © 2023 Software Consulting Services, LLC </rights>
  <icon>/assets/img/favicons/favicon.ico</icon>
  <logo>/assets/img/favicons/favicon-96x96.png</logo>


  
  <entry>
    <title>Scoop Database Cheatsheat</title>
    <link href="https://mrmartymac.github.io/posts/Scoop-Database-Cheetsheet/" rel="alternate" type="text/html" title="Scoop Database Cheatsheat" />
    <published>2023-03-22T14:25:24-04:00</published>
  
    <updated>2023-03-22T14:25:24-04:00</updated>
  
    <id>https://mrmartymac.github.io/posts/Scoop-Database-Cheetsheet/</id>
    <content src="https://mrmartymac.github.io/posts/Scoop-Database-Cheetsheet/" />
    <author>
      <name>mm</name>
    </author>

  
    
    <category term="Cheatsheet" />
    
    <category term="PostgreSQL" />
    
  

  
    <summary>
      





      Dump the database
pg_dump -U postgres scoop_db &amp;gt; Scoop.dump

Transfer the dump

Stop Scoop
systemctl stop ScoopDaemon


Drop the current DB
dropdb -U postgres scoop_db


Open PSQL
psql -U postgres


Create new Scoop DB
CREATE DATABASE scoop_db;

To exit PSQL type:

\q

Restore the database
psql -U postgres -d scoop_db -f scoop.dump


Start Scoop
systemctl start ScoopDaemon


    </summary>
  

  </entry>

  
  <entry>
    <title>Installing WordPress</title>
    <link href="https://mrmartymac.github.io/posts/Installing-WordPress/" rel="alternate" type="text/html" title="Installing WordPress" />
    <published>2023-03-21T10:04:29-04:00</published>
  
    <updated>2023-03-22T12:44:05-04:00</updated>
  
    <id>https://mrmartymac.github.io/posts/Installing-WordPress/</id>
    <content src="https://mrmartymac.github.io/posts/Installing-WordPress/" />
    <author>
      <name>mm</name>
    </author>

  
    
    <category term="Installing Software" />
    
  

  
    <summary>
      





      Installing WordPress

https://www.linuxtuto.com/how-to-install-wordpress-on-almalinux-9/

WordPress is a free, open-source and one of the most popular Content Management System (CMS) written in PHP, combined with MySQL/MariaDB database. Millions of websites are currently running on it and remains perhaps the most popular CMS for blogging, which was its original use case.

In this tutorial we’ll...
    </summary>
  

  </entry>

  
  <entry>
    <title>Creating CCLibs</title>
    <link href="https://mrmartymac.github.io/posts/Creating-CCLibs/" rel="alternate" type="text/html" title="Creating CCLibs" />
    <published>2023-03-17T14:36:30-04:00</published>
  
    <updated>2023-03-17T14:48:39-04:00</updated>
  
    <id>https://mrmartymac.github.io/posts/Creating-CCLibs/</id>
    <content src="https://mrmartymac.github.io/posts/Creating-CCLibs/" />
    <author>
      <name>mm</name>
    </author>

  
    
    <category term="cat1" />
    
    <category term="cat2" />
    
  

  
    <summary>
      





      Creating new CCLIBS file {#creating-new-cclibs-file .Article-Heading}

Below is an outline of how to create a new CCLIBS (Creative Cloud
Library) file after chaning the paths to the images.

Mac {#mac .Step-Heading}


  Open Terminal
  Change directories to the working directory you unzipped the original cclibs file.
  Make the changes you need to make.
  Run the following command to create the...
    </summary>
  

  </entry>

  
  <entry>
    <title>Converting Word document to Markdown using pandoc</title>
    <link href="https://mrmartymac.github.io/posts/Converting-Word-To_MD/" rel="alternate" type="text/html" title="Converting Word document to Markdown using pandoc" />
    <published>2023-03-17T14:31:06-04:00</published>
  
    <updated>2023-03-17T14:31:06-04:00</updated>
  
    <id>https://mrmartymac.github.io/posts/Converting-Word-To_MD/</id>
    <content src="https://mrmartymac.github.io/posts/Converting-Word-To_MD/" />
    <author>
      <name>mm</name>
    </author>

  
    
    <category term="cat1" />
    
    <category term="cat2" />
    
  

  
    <summary>
      





      pandoc &amp;lt;fileName&amp;gt;.docx -t markdown --extract-media /Users/martinmacdonald/Documents/GitHub/mrmartymac.github.io/images/&amp;lt;docName&amp;gt;/ -s -o /Users/martinmacdonald/Documents/GitHub/mrmartymac.github.io/_posts/&amp;lt;docName&amp;gt;.md


    </summary>
  

  </entry>

  
  <entry>
    <title>eLibrary information</title>
    <link href="https://mrmartymac.github.io/posts/eLibrary-information/" rel="alternate" type="text/html" title="eLibrary information" />
    <published>2023-03-09T14:28:40-05:00</published>
  
    <updated>2023-03-14T09:52:44-04:00</updated>
  
    <id>https://mrmartymac.github.io/posts/eLibrary-information/</id>
    <content src="https://mrmartymac.github.io/posts/eLibrary-information/" />
    <author>
      <name>mm</name>
    </author>

  
    
    <category term="Cheatsheet" />
    
    <category term="eLibrary" />
    
  

  
    <summary>
      





      Database configuration

Create databse

CREATE USER elibrary;
CREATE DATABASE elibrary_db OWNER elibrary ENCODING = 'UTF8' LC_COLLATE = 'en_US.UTF-8' LC_CTYPE = 'en_US.UTF-8';

Create tables in the database

cat &amp;lt;instalDir&amp;gt;/elibrary.sql | sudo -i -u postgres psql -U elibrary elibrary_db

Assign owner to elibrary_db tables if incorrect

ALTER TABLE article_pdfs OWNER TO elibrary;
ALTER TAB...
    </summary>
  

  </entry>

</feed>


